Schema Name,Table Name,Table Description,Row Count,Column Name,Data Type,Nullability,Default Value,Column Comments,Constraint Type,Constraint Name,Constraint Columns,Constraint Definition,FK Source Table,FK Source Column(s),FK Target Table,FK Target Column(s),FK Update Rule,FK Delete Rule,Index Name,Index Columns,Index Type,Is Unique Index,Data Integrity Rules,Additional Notes
dbo,JobStatus,,N/A,JobStatusId,int IDENTITY(1,1),No,,Primary key column,PK,PK_JobStatus,JobStatusId,PRIMARY KEY CLUSTERED ([JobStatusId] ASC),,,,,,,PK_JobStatus,JobStatusId ASC,CLUSTERED,Yes,NOT NULL constraint enforced,Identity column with seed 1 and increment 1
dbo,JobStatus,,N/A,JobStatusName,varchar(50),No,,,NOT NULL,,,NOT NULL constraint,,,,,,,,,,,NOT NULL constraint enforced,
dbo,JobStatus,,N/A,Description,varchar(255),Yes,,,None,,,,,,,,,,,,,Nullable column,
dbo,JobStatus,,N/A,IsActive,bit,No,,,NOT NULL,,,NOT NULL constraint,,,,,,,,,,,NOT NULL constraint enforced,
dbo,JobStatus,,N/A,CreatedBy,uniqueidentifier,Yes,,,None,,,,,,,,,,,,,Nullable column,
dbo,JobStatus,,N/A,CreatedDate,datetime,Yes,,,None,,,,,,,,,,,,,Nullable column,
dbo,JobStatus,,N/A,ModifiedBy,uniqueidentifier,Yes,,,None,,,,,,,,,,,,,Nullable column,
dbo,JobStatus,,N/A,ModifiedDate,datetime,Yes,,,None,,,,,,,,,,,,,Nullable column,
dbo,JobType,,N/A,JobTypeId,int IDENTITY(1,1),No,,Primary key column,PK,PK_JobType,JobTypeId,PRIMARY KEY CLUSTERED ([JobTypeId] ASC),,,,,,,PK_JobType,JobTypeId ASC,CLUSTERED,Yes,NOT NULL constraint enforced,Identity column with seed 1 and increment 1
dbo,JobType,,N/A,JobTypeName,varchar(50),No,,,NOT NULL,,,NOT NULL constraint,,,,,,,,,,,NOT NULL constraint enforced,
dbo,JobType,,N/A,Description,varchar(255),Yes,,,None,,,,,,,,,,,,,Nullable column,
dbo,JobType,,N/A,ReferenceTable,varchar(100),Yes,,,None,,,,,,,,,,,,,Nullable column,
dbo,JobType,,N/A,IsActive,bit,No,,,NOT NULL,,,NOT NULL constraint,,,,,,,,,,,NOT NULL constraint enforced,
dbo,JobType,,N/A,CreatedBy,uniqueidentifier,Yes,,,None,,,,,,,,,,,,,Nullable column,
dbo,JobType,,N/A,CreatedDate,datetime,Yes,,,None,,,,,,,,,,,,,Nullable column,
dbo,JobType,,N/A,ModifiedBy,uniqueidentifier,Yes,,,None,,,,,,,,,,,,,Nullable column,
dbo,JobType,,N/A,ModifiedDate,datetime,Yes,,,None,,,,,,,,,,,,,Nullable column,
dbo,JournalEntryStatusType,,N/A,JournalEntryStatusTypeId,int IDENTITY(1,1),No,,Primary key column,PK,PK_JournalEntryStatusType,JournalEntryStatusTypeId,PRIMARY KEY CLUSTERED ([JournalEntryStatusTypeId] ASC),,,,,,,PK_JournalEntryStatusType,JournalEntryStatusTypeId ASC,CLUSTERED,Yes,NOT NULL constraint enforced,Identity column with seed 1 and increment 1
dbo,JournalEntryStatusType,,N/A,StatusCode,nvarchar(50),No,,,NOT NULL,,,NOT NULL constraint,,,,,,,,,,,NOT NULL constraint enforced,
dbo,JournalEntryStatusType,,N/A,StatusCode,nvarchar(50),No,,,UK,UQ_JournalEntryStatusType_StatusCode,StatusCode,UNIQUE NONCLUSTERED ([StatusCode] ASC),,,,,,,UQ_JournalEntryStatusType_StatusCode,StatusCode ASC,NONCLUSTERED,Yes,UNIQUE constraint enforced,
dbo,JournalEntryStatusType,,N/A,StatusValue,nvarchar(50),No,,,NOT NULL,,,NOT NULL constraint,,,,,,,,,,,NOT NULL constraint enforced,
dbo,JournalEntryStatusType,,N/A,Description,nvarchar(255),Yes,,,None,,,,,,,,,,,,,Nullable column,
dbo,JournalEntryStatusType,,N/A,IsActive,bit,No,,,NOT NULL,,,NOT NULL constraint,,,,,,,,,,,NOT NULL constraint enforced,
dbo,JournalEntryStatusType,,N/A,CreatedBy,uniqueidentifier,No,,,NOT NULL,,,NOT NULL constraint,,,,,,,,,,,NOT NULL constraint enforced,
dbo,JournalEntryStatusType,,N/A,CreatedDate,datetime2(7),No,,,NOT NULL,,,NOT NULL constraint,,,,,,,,,,,NOT NULL constraint enforced,
dbo,JournalEntryStatusType,,N/A,ModifiedBy,uniqueidentifier,Yes,,,None,,,,,,,,,,,,,Nullable column,
dbo,JournalEntryStatusType,,N/A,ModifiedDate,datetime2(7),Yes,,,None,,,,,,,,,,,,,Nullable column,
dbo,JournalSequence,,N/A,JournalSequenceId,uniqueidentifier,No,,Primary key column,PK,PK_JournalSequence,JournalSequenceId,PRIMARY KEY CLUSTERED ([JournalSequenceId] ASC),,,,,,,PK_JournalSequence,JournalSequenceId ASC,CLUSTERED,Yes,NOT NULL constraint enforced,
dbo,JournalSequence,,N/A,EntityId,uniqueidentifier,No,,,NOT NULL,,,NOT NULL constraint,,,,,,,,,,,NOT NULL constraint enforced,
dbo,JournalSequence,,N/A,EntityId,uniqueidentifier,No,,,UK,UK_JournalSequence_Entity_Year,"EntityId, FiscalYear",UNIQUE NONCLUSTERED ([EntityId] ASC [FiscalYear] ASC),,,,,,,UK_JournalSequence_Entity_Year,"EntityId ASC, FiscalYear ASC",NONCLUSTERED,Yes,UNIQUE constraint enforced,
dbo,JournalSequence,,N/A,FiscalYear,int,Yes,,,None,,,,,,,,,,,,,Nullable column,
dbo,JournalSequence,,N/A,FiscalYear,int,Yes,,,UK,UK_JournalSequence_Entity_Year,"EntityId, FiscalYear",UNIQUE NONCLUSTERED ([EntityId] ASC [FiscalYear] ASC),,,,,,,UK_JournalSequence_Entity_Year,"EntityId ASC, FiscalYear ASC",NONCLUSTERED,Yes,UNIQUE constraint enforced,
dbo,JournalSequence,,N/A,LastSequenceNumber,int,No,,,NOT NULL,,,NOT NULL constraint,,,,,,,,,,,NOT NULL constraint enforced,
dbo,JournalSequence,,N/A,CreatedBy,uniqueidentifier,Yes,,,None,,,,,,,,,,,,,Nullable column,
dbo,JournalSequence,,N/A,CreatedDate,datetime,Yes,,,None,,,,,,,,,,,,,Nullable column,
dbo,JournalSequence,,N/A,ModifiedBy,uniqueidentifier,Yes,,,None,,,,,,,,,,,,,Nullable column,
dbo,JournalSequence,,N/A,ModifiedDate,datetime,Yes,,,None,,,,,,,,,,,,,Nullable column,
dbo,MakerCheckerValidation,,N/A,ValidationId,uniqueidentifier,No,,Primary key column,PK,PK_MakerCheckerValidation,ValidationId,PRIMARY KEY CLUSTERED ([ValidationId] ASC),,,,,,,PK_MakerCheckerValidation,ValidationId ASC,CLUSTERED,Yes,NOT NULL constraint enforced,
dbo,MakerCheckerValidation,,N/A,ApprovalRuleId,uniqueidentifier,No,,,NOT NULL,,,NOT NULL constraint,,,,,,,,,,,NOT NULL constraint enforced,
dbo,MakerCheckerValidation,,N/A,ValidationType,nvarchar(50),No,,,NOT NULL,,,NOT NULL constraint,,,,,,,,,,,NOT NULL constraint enforced,
dbo,MakerCheckerValidation,,N/A,ValidationScope,nvarchar(50),No,,,NOT NULL,,,NOT NULL constraint,,,,,,,,,,,NOT NULL constraint enforced,
dbo,MakerCheckerValidation,,N/A,ValidationRule,nvarchar(max),No,,,NOT NULL,,,NOT NULL constraint,,,,,,,,,,,NOT NULL constraint enforced,
dbo,MakerCheckerValidation,,N/A,ValidationMessage,nvarchar(255),Yes,,,None,,,,,,,,,,,,,Nullable column,
dbo,MakerCheckerValidation,,N/A,SeverityLevel,nvarchar(20),No,,,NOT NULL,,,NOT NULL constraint,,,,,,,,,,,NOT NULL constraint enforced,
dbo,MakerCheckerValidation,,N/A,IsActive,bit,No,,,NOT NULL,,,NOT NULL constraint,,,,,,,,,,,NOT NULL constraint enforced,
dbo,MakerCheckerValidation,,N/A,PreventionLevel,nvarchar(50),No,,,NOT NULL,,,NOT NULL constraint,,,,,,,,,,,NOT NULL constraint enforced,
dbo,MakerCheckerValidation,,N/A,BypassPermissionRequired,uniqueidentifier,Yes,,,None,,,,,,,,,,,,,Nullable column,
dbo,MakerCheckerValidation,,N/A,ValidationOrder,int,No,,,NOT NULL,,,NOT NULL constraint,,,,,,,,,,,NOT NULL constraint enforced,
dbo,MakerCheckerValidation,,N/A,ConditionalLogic,nvarchar(max),Yes,,,None,,,,,,,,,,,,,Nullable column,
dbo,MakerCheckerValidation,,N/A,ExemptionCriteria,nvarchar(max),Yes,,,None,,,,,,,,,,,,,Nullable column,
dbo,MakerCheckerValidation,,N/A,CreatedBy,uniqueidentifier,No,,,NOT NULL,,,NOT NULL constraint,,,,,,,,,,,NOT NULL constraint enforced,
dbo,MakerCheckerValidation,,N/A,CreatedDate,datetime2(7),No,,,NOT NULL,,,NOT NULL constraint,,,,,,,,,,,NOT NULL constraint enforced,
dbo,MakerCheckerValidation,,N/A,ModifiedBy,uniqueidentifier,Yes,,,None,,,,,,,,,,,,,Nullable column,
dbo,MakerCheckerValidation,,N/A,ModifiedDate,datetime2(7),Yes,,,None,,,,,,,,,,,,,Nullable column,
dbo,MenuItem,,N/A,MenuItemId,uniqueidentifier,No,,Primary key column,PK,,MenuItemId,PRIMARY KEY CLUSTERED ([MenuItemId] ASC),,,,,,,MenuItemId,MenuItemId ASC,CLUSTERED,Yes,NOT NULL constraint enforced,
dbo,MenuItem,,N/A,ModuleId,uniqueidentifier,No,,,NOT NULL,,,NOT NULL constraint,,,,,,,,,,,NOT NULL constraint enforced,
dbo,MenuItem,,N/A,ParentMenuItemId,uniqueidentifier,Yes,,,None,,,,,,,,,,,,,Nullable column,
dbo,MenuItem,,N/A,MenuItemName,nvarchar(100),No,,,NOT NULL,,,NOT NULL constraint,,,,,,,,,,,NOT NULL constraint enforced,
dbo,MenuItem,,N/A,MenuItemUrl,nvarchar(255),Yes,,,None,,,,,,,,,,,,,Nullable column,
dbo,MenuItem,,N/A,DisplayOrder,int,No,,,NOT NULL,,,NOT NULL constraint,,,,,,,,,,,NOT NULL constraint enforced,
dbo,MenuItem,,N/A,IsActive,bit,No,,,NOT NULL,,,NOT NULL constraint,,,,,,,,,,,NOT NULL constraint enforced,
dbo,MenuItem,,N/A,CreatedBy,uniqueidentifier,No,,,NOT NULL,,,NOT NULL constraint,,,,,,,,,,,NOT NULL constraint enforced,
dbo,MenuItem,,N/A,CreatedDate,datetime2(7),No,,,NOT NULL,,,NOT NULL constraint,,,,,,,,,,,NOT NULL constraint enforced,
dbo,MenuItem,,N/A,UpdatedBy,uniqueidentifier,Yes,,,None,,,,,,,,,,,,,Nullable column,
dbo,MenuItem,,N/A,UpdatedDate,datetime2(7),Yes,,,None,,,,,,,,,,,,,Nullable column,
dbo,MenuItemEntitlement,,N/A,MenuItemEntitlementId,uniqueidentifier,No,,Primary key column,PK,,MenuItemEntitlementId,PRIMARY KEY CLUSTERED ([MenuItemEntitlementId] ASC),,,,,,,MenuItemEntitlementId,MenuItemEntitlementId ASC,CLUSTERED,Yes,NOT NULL constraint enforced,
dbo,MenuItemEntitlement,,N/A,MenuItemId,uniqueidentifier,No,,,NOT NULL,,,NOT NULL constraint,,,,,,,,,,,NOT NULL constraint enforced,
dbo,MenuItemEntitlement,,N/A,MenuItemId,uniqueidentifier,No,,,UK,UQ_MenuItemEntitlement_MenuItemId_EntitlementId,"MenuItemId, EntitlementId",UNIQUE NONCLUSTERED ([MenuItemId] ASC [EntitlementId] ASC),,,,,,,UQ_MenuItemEntitlement_MenuItemId_EntitlementId,"MenuItemId ASC, EntitlementId ASC",NONCLUSTERED,Yes,UNIQUE constraint enforced,
dbo,MenuItemEntitlement,,N/A,EntitlementId,uniqueidentifier,No,,,NOT NULL,,,NOT NULL constraint,,,,,,,,,,,NOT NULL constraint enforced,
dbo,MenuItemEntitlement,,N/A,EntitlementId,uniqueidentifier,No,,,UK,UQ_MenuItemEntitlement_MenuItemId_EntitlementId,"MenuItemId, EntitlementId",UNIQUE NONCLUSTERED ([MenuItemId] ASC [EntitlementId] ASC),,,,,,,UQ_MenuItemEntitlement_MenuItemId_EntitlementId,"MenuItemId ASC, EntitlementId ASC",NONCLUSTERED,Yes,UNIQUE constraint enforced,
dbo,MenuItemEntitlement,,N/A,IsActive,bit,No,,,NOT NULL,,,NOT NULL constraint,,,,,,,,,,,NOT NULL constraint enforced,
dbo,MenuItemEntitlement,,N/A,CreatedBy,uniqueidentifier,No,,,NOT NULL,,,NOT NULL constraint,,,,,,,,,,,NOT NULL constraint enforced,
dbo,MenuItemEntitlement,,N/A,CreatedDate,datetime2(7),No,,,NOT NULL,,,NOT NULL constraint,,,,,,,,,,,NOT NULL constraint enforced,
dbo,MenuItemEntitlement,,N/A,UpdatedBy,uniqueidentifier,Yes,,,None,,,,,,,,,,,,,Nullable column,
dbo,MenuItemEntitlement,,N/A,UpdatedDate,datetime2(7),Yes,,,None,,,,,,,,,,,,,Nullable column,
dbo,Module,,N/A,ModuleId,uniqueidentifier,No,,Primary key column,PK,,ModuleId,PRIMARY KEY CLUSTERED ([ModuleId] ASC),,,,,,,ModuleId,ModuleId ASC,CLUSTERED,Yes,NOT NULL constraint enforced,
dbo,Module,,N/A,ModuleName,nvarchar(100),No,,,NOT NULL,,,NOT NULL constraint,,,,,,,,,,,NOT NULL constraint enforced,
dbo,Module,,N/A,DisplayOrder,int,No,,,NOT NULL,,,NOT NULL constraint,,,,,,,,,,,NOT NULL constraint enforced,
dbo,Module,,N/A,IsActive,bit,No,,,NOT NULL,,,NOT NULL constraint,,,,,,,,,,,NOT NULL constraint enforced,
dbo,Module,,N/A,CreatedBy,uniqueidentifier,No,,,NOT NULL,,,NOT NULL constraint,,,,,,,,,,,NOT NULL constraint enforced,
dbo,Module,,N/A,CreatedDate,datetime2(7),No,,,NOT NULL,,,NOT NULL constraint,,,,,,,,,,,NOT NULL constraint enforced,
dbo,Module,,N/A,UpdatedBy,uniqueidentifier,Yes,,,None,,,,,,,,,,,,,Nullable column,
dbo,Module,,N/A,UpdatedDate,datetime2(7),Yes,,,None,,,,,,,,,,,,,Nullable column,
dbo,Module,,N/A,isSystemModule,bit,No,,,NOT NULL,,,NOT NULL constraint,,,,,,,,,,,NOT NULL constraint enforced,
dbo,Module,,N/A,IsAdminModule,bit,No,,,NOT NULL,,,NOT NULL constraint,,,,,,,,,,,NOT NULL constraint enforced,
dbo,ModuleFunction,,N/A,ModuleFunctionId,uniqueidentifier,No,,Primary key column,PK,,ModuleFunctionId,PRIMARY KEY CLUSTERED ([ModuleFunctionId] ASC),,,,,,,ModuleFunctionId,ModuleFunctionId ASC,CLUSTERED,Yes,NOT NULL constraint enforced,
dbo,ModuleFunction,,N/A,ModuleFunctionName,nvarchar(100),No,,,NOT NULL,,,NOT NULL constraint,,,,,,,,,,,NOT NULL constraint enforced,
dbo,ModuleFunction,,N/A,ModuleId,uniqueidentifier,No,,,NOT NULL,,,NOT NULL constraint,,,,,,,,,,,NOT NULL constraint enforced,
dbo,ModuleFunction,,N/A,IsActive,bit,No,,,NOT NULL,,,NOT NULL constraint,,,,,,,,,,,NOT NULL constraint enforced,
dbo,ModuleFunction,,N/A,CreatedBy,uniqueidentifier,No,,,NOT NULL,,,NOT NULL constraint,,,,,,,,,,,NOT NULL constraint enforced,
dbo,ModuleFunction,,N/A,CreatedDate,datetime2(7),No,,,NOT NULL,,,NOT NULL constraint,,,,,,,,,,,NOT NULL constraint enforced,
dbo,ModuleFunction,,N/A,UpdatedBy,uniqueidentifier,Yes,,,None,,,,,,,,,,,,,Nullable column,
dbo,ModuleFunction,,N/A,UpdatedDate,datetime2(7),Yes,,,None,,,,,,,,,,,,,Nullable column,
dbo,ModuleFunction,,N/A,SortOrder,int,Yes,,,None,,,,,,,,,,,,,Nullable column,
dbo,ModuleFunction,,N/A,ParentModuleFunctionId,uniqueidentifier,Yes,,,None,,,,,,,,,,,,,Nullable column,
dbo,ModuleFunctionPermission,,N/A,ModuleFunctionPermissionId,uniqueidentifier,No,,Primary key column,PK,,ModuleFunctionPermissionId,PRIMARY KEY CLUSTERED ([ModuleFunctionPermissionId] ASC),,,,,,,ModuleFunctionPermissionId,ModuleFunctionPermissionId ASC,CLUSTERED,Yes,NOT NULL constraint enforced,
dbo,ModuleFunctionPermission,,N/A,ModuleFunctionId,uniqueidentifier,No,,,NOT NULL,,,NOT NULL constraint,,,,,,,,,,,NOT NULL constraint enforced,
dbo,ModuleFunctionPermission,,N/A,ModuleFunctionId,uniqueidentifier,No,,,UK,UQ_ModuleFunctionPermission_ModuleFunction_Permission,"ModuleFunctionId, PermissionId",UNIQUE NONCLUSTERED ([ModuleFunctionId] ASC [PermissionId] ASC),,,,,,,UQ_ModuleFunctionPermission_ModuleFunction_Permission,"ModuleFunctionId ASC, PermissionId ASC",NONCLUSTERED,Yes,UNIQUE constraint enforced,
dbo,ModuleFunctionPermission,,N/A,PermissionId,uniqueidentifier,No,,,NOT NULL,,,NOT NULL constraint,,,,,,,,,,,NOT NULL constraint enforced,
dbo,ModuleFunctionPermission,,N/A,PermissionId,uniqueidentifier,No,,,UK,UQ_ModuleFunctionPermission_ModuleFunction_Permission,"ModuleFunctionId, PermissionId",UNIQUE NONCLUSTERED ([ModuleFunctionId] ASC [PermissionId] ASC),,,,,,,UQ_ModuleFunctionPermission_ModuleFunction_Permission,"ModuleFunctionId ASC, PermissionId ASC",NONCLUSTERED,Yes,UNIQUE constraint enforced,
dbo,ModuleFunctionPermission,,N/A,IsActive,bit,No,,,NOT NULL,,,NOT NULL constraint,,,,,,,,,,,NOT NULL constraint enforced,
dbo,ModuleFunctionPermission,,N/A,CreatedBy,uniqueidentifier,No,,,NOT NULL,,,NOT NULL constraint,,,,,,,,,,,NOT NULL constraint enforced,
dbo,ModuleFunctionPermission,,N/A,CreatedDate,datetime2(7),No,,,NOT NULL,,,NOT NULL constraint,,,,,,,,,,,NOT NULL constraint enforced,
dbo,ModuleFunctionPermission,,N/A,UpdatedBy,uniqueidentifier,Yes,,,None,,,,,,,,,,,,,Nullable column,
dbo,ModuleFunctionPermission,,N/A,UpdatedDate,datetime2(7),Yes,,,None,,,,,,,,,,,,,Nullable column,
dbo,ModuleFunctionPermission,,N/A,SortOrder,int,Yes,,,None,,,,,,,,,,,,,Nullable column,